{
    "session_id": "e95d3125-7e27-4a59-a114-01b94bbaab60",
    "results": [
        {
            "tool": "t_coffee",
            "blosum_score": -1023512,
            "entropy": 0.8268452013632592,
            "gap_fraction": 0.722733918128655,
            "cpu_time_sec": 2.83,
            "memory_usage_mb": 476.09375
        },
        {
            "tool": "mafft",
            "blosum_score": -900858,
            "entropy": 1.090182633552407,
            "gap_fraction": 0.6120724922271314,
            "cpu_time_sec": 0.03,
            "memory_usage_mb": 4.21875
        }
    ]
}